Category,Score,Complaint
Loans and Mortgages,1,Low interest rates.
Loans and Mortgages,-1,Hidden fees.
Investment Services,-1,Limited portfolio options.
Loans and Mortgages,1,Helpful customer service.
Online and Mobile Banking,-1,Slow transactions.
Credit Cards,-1,High interest rates.
Loans and Mortgages,-1,Late disbursement.
Investment Services,-1,Poor advisory services.
Loans and Mortgages,1,Easy approval process.
Credit Cards,-1,Poor customer service.
Investment Services,-1,Limited portfolio options.
Investment Services,-1,High management fees.
Credit Cards,-1,High interest rates.
Online and Mobile Banking,-1,Frequent downtime.
Online and Mobile Banking,1,Fast and secure transactions.
Loans and Mortgages,1,Low interest rates.
Online and Mobile Banking,1,User-friendly interface.
Online and Mobile Banking,-1,Poor customer support.
Online and Mobile Banking,1,Fast and secure transactions.
Online and Mobile Banking,1,User-friendly interface.
Credit Cards,1,Excellent customer service.
Loans and Mortgages,1,Flexible payment options.
Investment Services,1,High returns.
Online and Mobile Banking,-1,Frequent downtime.
Online and Mobile Banking,-1,Unreliable mobile app.
Loans and Mortgages,1,Helpful customer service.
Loans and Mortgages,1,Easy approval process.
Loans and Mortgages,1,Helpful customer service.
Credit Cards,-1,Hidden charges.
Online and Mobile Banking,-1,Unreliable mobile app.
Credit Cards,1,Great rewards program!
Investment Services,-1,Poor advisory services.
Investment Services,-1,Limited portfolio options.
Online and Mobile Banking,-1,Complicated user interface.
Investment Services,-1,Poor advisory services.
Investment Services,-1,Limited portfolio options.
Online and Mobile Banking,-1,Slow transactions.
Investment Services,1,Easy to navigate platform.
Online and Mobile Banking,-1,Complicated user interface.
Credit Cards,1,Excellent customer service.
Online and Mobile Banking,1,Fast and secure transactions.
Credit Cards,-1,Poor customer service.
Credit Cards,-1,Poor customer service.
Online and Mobile Banking,-1,Unreliable mobile app.
Credit Cards,1,Great rewards program!
Loans and Mortgages,-1,Late disbursement.
Credit Cards,-1,Long approval time.
Investment Services,-1,Poor advisory services.
Online and Mobile Banking,-1,Unreliable mobile app.
Online and Mobile Banking,-1,Poor customer support.
Investment Services,1,Excellent advisory services.
Investment Services,1,Easy to navigate platform.
Loans and Mortgages,-1,Hidden fees.
Credit Cards,-1,High interest rates.
Loans and Mortgages,-1,Late disbursement.
Investment Services,-1,Limited portfolio options.
Credit Cards,-1,High interest rates.
Online and Mobile Banking,1,Excellent mobile app.
Loans and Mortgages,-1,Hidden fees.
Loans and Mortgages,1,Easy approval process.
Loans and Mortgages,-1,Hidden fees.
Credit Cards,1,Excellent customer service.
Investment Services,1,Excellent advisory services.
Loans and Mortgages,1,Flexible payment options.
Online and Mobile Banking,1,24/7 customer support.
Investment Services,1,Diverse portfolio options.
Credit Cards,1,No annual fees.
Online and Mobile Banking,1,Excellent mobile app.
Online and Mobile Banking,-1,Poor customer support.
Credit Cards,-1,Poor customer service.
Loans and Mortgages,-1,Hidden fees.
Credit Cards,1,Low interest rates.
Loans and Mortgages,-1,Unresponsive customer service.
Loans and Mortgages,1,Easy approval process.
Loans and Mortgages,-1,Unresponsive customer service.
Loans and Mortgages,-1,High interest rates.
Investment Services,1,Diverse portfolio options.
Online and Mobile Banking,-1,Poor customer support.
Investment Services,-1,High management fees.
Credit Cards,-1,High annual fees.
Investment Services,1,Excellent advisory services.
Loans and Mortgages,-1,High interest rates.
Loans and Mortgages,1,Easy approval process.
Online and Mobile Banking,-1,Unreliable mobile app.
Investment Services,-1,Limited portfolio options.
Credit Cards,1,No annual fees.
Credit Cards,1,Great rewards program!
Loans and Mortgages,1,Helpful customer service.
Online and Mobile Banking,-1,Unreliable mobile app.
Investment Services,-1,Limited portfolio options.
Investment Services,-1,Poor advisory services.
Loans and Mortgages,1,Easy approval process.
Investment Services,-1,High management fees.
Investment Services,-1,Poor advisory services.
Credit Cards,-1,High interest rates.
Credit Cards,1,Fast application process.
Investment Services,1,Low management fees.
Investment Services,1,Excellent advisory services.
Loans and Mortgages,1,Low interest rates.
Investment Services,-1,High management fees.
